cohort,variant,label,n_patients,n_rows,obs_ftv_mean_ml,det_ftv_mae_ml,det_ftv_bias_ml,mc_mean_ftv_mae_ml,mc_mean_ftv_bias_ml,mc_sample_abs_err_ml,crps_ftv_ml,raw_coverage90,conformal_coverage90,raw_width90_ml,conformal_width90_ml,mc_std_ml,alive_abs_err_mc,swd_mm_mc,chamfer_mm_mc,dice_mc
breast_T0_to_T3,full_endpoint,Full endpoint model,758,758,24.941126401705645,5.881089204826843,-1.7340523502458325,7.608714231759333,1.931607370827989,10.032045230720366,5.156204494159763,0.8759894459102903,0.9010554089709762,24.423730249919142,27.948916634989093,16.103833853856774,2.6918494393139842,1.20739733271003,3.4851397698441113,0.051402740422183985
breast_T1_to_T3,full_endpoint,Full endpoint model,758,758,24.941126401705645,5.588915532068358,-1.9185302533161175,7.184508866397262,2.47042753654457,9.445155263419439,4.888666915505546,0.8575197889182058,0.9010554089709762,24.47034989123393,29.613435182696062,13.704825791323088,2.645087813324538,1.705538512829225,4.243271978930488,0.03750489224770606
breast_T2_to_T3,full_endpoint,Full endpoint model,758,758,24.941126401705645,4.64542312546993,-1.4378882117973009,5.8024808441205336,2.1623593496535056,7.795024328922967,4.024771280863164,0.8733509234828496,0.9010554089709762,20.971494792069304,24.192992685026333,10.420543822978168,2.6647942777044853,2.8804170062166454,5.5863518764796884,0.03890301326831874
breast_T0_to_T3,no_sched,No scheduled sampling,758,758,24.941126401705645,5.881089261786157,-1.734052437515383,7.608714345722037,1.9316074472766076,10.032045341383311,5.156204550909235,0.8759894459102903,0.9010554089709762,24.4237303574461,27.94891773816481,16.103834134665068,2.6918494393139842,1.2073973327528134,3.4851397706887104,0.051402740422183985
breast_T1_to_T3,no_sched,No scheduled sampling,758,758,24.941126401705645,5.58891554909819,-1.9185303503095283,7.184508947639327,2.470427616268273,9.445155324046096,4.8886669515815395,0.8575197889182058,0.9010554089709762,24.47034998834071,29.61343541137361,13.704825939660966,2.645087813324538,1.7055385132251306,4.2432719798109035,0.0375049321614934
breast_T2_to_T3,no_sched,No scheduled sampling,758,758,24.941126401705645,4.645423116973907,-1.437888239197361,5.80248084249206,2.162359352340076,7.795024327781715,4.024771277527138,0.8733509234828496,0.9010554089709762,20.971494724103575,24.19299250397162,10.420543836404144,2.6647942777044853,2.88041700726181,5.58635187837348,0.03890301326831874
breast_T0_to_T3,no_edges,No graph edges,758,758,24.941126401705645,5.280268987590961,-1.3863379329776562,6.540886194319059,1.6587476538809067,8.906649645791282,4.525196185258197,0.8944591029023746,0.9010554089709762,22.925563170504702,23.930473299992766,13.651937549349032,2.654095893799472,1.2114914174442484,3.492608909614309,0.051515273537903215
breast_T1_to_T3,no_edges,No graph edges,758,758,24.941126401705645,5.111699002935812,-1.649934932017964,6.3964219048957505,2.0971631617842825,8.544446521266947,4.391640362579753,0.8482849604221636,0.9010554089709762,22.33316903222071,26.89863061125024,12.094316985268323,2.6498186015831133,1.71163325730638,4.259654478659286,0.03731111931430705
breast_T2_to_T3,no_edges,No graph edges,758,758,24.941126401705645,4.412317414413354,-1.1132934108781254,5.332415804924266,1.8372291927121303,7.334111822181669,3.7764955899593207,0.8786279683377308,0.9010554089709762,19.755300483350265,22.37211628820174,9.765034091587172,2.662258822559367,2.875670243697713,5.584996187222328,0.03893088459498253
